{
  "query": {
    "timestamp": 1639056341,
    "base_currency": "USD"
  },
  "data": {
    "JPY": 113.4231,
    "CNY": 6.37727,
    "CHF": 0.92376,
    "CAD": 1.2691,
    "MXN": 21.02979,
    "INR": 75.55987,
    "BRL": 5.52331,
    "RUB": 73.66592,
    "KRW": 1172.12161,
    "IDR": 14350.17068,
    "TRY": 13.77996,
    "SAR": 3.75134,
    "SEK": 9.06176,
    "NGN": 409.74663,
    "PLN": 4.07182,
    "ARS": 101.31179,
    "NOK": 8.96075,
    "TWD": 27.70854,
    "IRR": 42000.86271,
    "AED": 3.67274,
    "COP": 3890.69024,
    "THB": 33.52093,
    "ZAR": 15.93285,
    "DKK": 6.57444,
    "MYR": 4.21508,
    "SGD": 1.36527,
    "ILS": 3.10345,
    "HKD": 7.7965,
    "EGP": 15.71156,
    "PHP": 50.42076,
    "CLP": 835.11767,
    "PKR": 177.05291,
    "IQD": 1458.02239,
    "DZD": 138.61339,
    "KZT": 435.73875,
    "QAR": 3.64004,
    "CZK": 22.48192,
    "PEN": 4.07131,
    "RON": 4.37182,
    "VND": 22970.40103,
    "BDT": 85.75199,
    "HUF": 323.30796,
    "UAH": 27.0704,
    "AOA": 575.69582,
    "MAD": 9.23842,
    "OMR": 0.38501,
    "CUC": 24.00031,
    "BYR": 3.00007,
    "AZN": 1.69305,
    "LKR": 202.00517,
    "SDG": 436.28465,
    "SYP": 2511.05395,
    "MMK": 1771.54292,
    "DOP": 56.65096,
    "UZS": 10774.24876,
    "KES": 112.85295,
    "GTQ": 7.7152,
    "URY": 44.19115,
    "HRV": 6.64788,
    "MOP": 8.03024,
    "ETB": 48.27519,
    "CRC": 636.61259,
    "TZS": 2295.02352,
    "TMT": 3.49009,
    "TND": 2.87198,
    "PAB": 1.00002,
    "LBP": 1505.71586,
    "RSD": 103.90145,
    "LYD": 4.58897,
    "GHS": 5.9801,
    "YER": 249.98555,
    "BOB": 6.82014,
    "BHD": 0.37701,
    "CDF": 1995.95481,
    "PYG": 6826.70738,
    "UGX": 3550.04048,
    "SVC": 8.74965,
    "TTD": 6.76644,
    "AFN": 103.1821,
    "NPR": 120.833,
    "HNL": 24.12054,
    "BIH": 1.72753,
    "BND": 1.36503,
    "ISK": 130.17326,
    "KHR": 4062.10842,
    "GEL": 3.08004,
    "MZN": 63.20157,
    "BWP": 11.69624,
    "PGK": 3.51126,
    "JMD": 153.8322,
    "XAF": 579.78264,
    "NAD": 15.90172,
    "ALL": 106.60235,
    "SSP": 405.94951,
    "MUR": 43.85115,
    "MNT": 2833.05931,
    "NIO": 35.21058,
    "LAK": 10950.18136,
    "MKD": 54.26063,
    "AMD": 492.51042,
    "MGA": 3942.55777,
    "XPF": 105.34278,
    "TJS": 11.27018,
    "HTG": 99.02268,
    "BSD": 1.00003,
    "MDL": 17.57852,
    "RWF": 1022.81972,
    "KGS": 84.80175,
    "GNF": 9301.11362,
    "SRD": 21.42529,
    "SLL": 11020.32656,
    "XOF": 582.32185,
    "MWK": 808.93073,
    "FJD": 2.13375,
    "ERN": 15.00029,
    "SZL": 15.90251,
    "GYD": 207.89437,
    "BIF": 1985.92286,
    "KYD": 0.82502,
    "MVR": 15.42018,
    "LSL": 15.90922,
    "LRD": 141.002,
    "CVE": 97.47266,
    "DJF": 177.50454,
    "SCR": 13.62016,
    "SOS": 575.01392,
    "GMD": 52.60072,
    "KMF": 435.39247,
    "STD": 21.64034,
    "XRP": 1.18003,
    "AUD": 1.39721,
    "BGN": 1.72813,
    "BTC": 0.0202,
    "JOD": 0.70801,
    "GBP": 0.75752,
    "ETH": 0.00023,
    "EUR": 0.88392,
    "LTC": 0.01,
    "NZD": 1.46922
  }
}